{
    "24 Hour Party People": {
        "body count": "7", 
        "director": "Michael Winterbottom", 
        "url": "http://moviebodycounts.com/24_Hour_Party_People.htm"
    }, 
    "300": {
        "body count": "600", 
        "director": "Zack Snyder", 
        "url": "http://moviebodycounts.com/300.htm"
    }, 
    "3:10 to Yuma": {
        "body count": "45", 
        "director": "James Mangold", 
        "url": "http://moviebodycounts.com/3-10_To_Yuma.htm"
    }, 
    "8MM": {
        "body count": "7", 
        "director": "Joel Schumacher", 
        "url": "http://moviebodycounts.com/8MM.htm"
    }, 
    "Above the Law": {
        "body count": "18", 
        "director": "Andrew Davis", 
        "url": "http://moviebodycounts.com/Above_the_Law.htm"
    }, 
    "Action Jackson": {
        "body count": "17", 
        "director": "Craig R. Baxley", 
        "url": "http://moviebodycounts.com/Action_Jackson.htm"
    }, 
    "Aeon Flux": {
        "body count": ")58", 
        "director": "Karyn Kusama", 
        "url": "http://moviebodycounts.com/Aeon_Flux.htm"
    }, 
    "Akira": {
        "body count": "119", 
        "director": "Katsuhiro \u00d4tomo", 
        "url": "http://moviebodycounts.com/Akira.htm"
    }, 
    "Ali G Indahouse": {
        "body count": "11", 
        "director": "Mark Mylod", 
        "url": "http://moviebodycounts.com/Ali_G_Indahouse.htm"
    }, 
    "Alien": {
        "body count": "9", 
        "director": "Ridley Scott", 
        "url": "http://moviebodycounts.com/Alien.htm"
    }, 
    "Aliens vs. Predator: Requiem": {
        "body count": "115", 
        "director": "Brothers Strause", 
        "url": "http://moviebodycounts.com/Aliens_vs_Predator_R.htm"
    }, 
    "Alpha Dog": {
        "body count": "3", 
        "director": "Nick Cassavetes", 
        "url": "http://moviebodycounts.com/Alpha_Dog.htm"
    }, 
    "Altered States": {
        "body count": "5", 
        "director": "Ken Russell", 
        "url": "http://moviebodycounts.com/Altered_States.htm"
    }, 
    "American Gangster": {
        "body count": "15", 
        "director": "Ridley Scott", 
        "url": "http://moviebodycounts.com/American_Gangster.htm"
    }, 
    "American Ninja": {
        "body count": "114", 
        "director": "Sam Firstenberg", 
        "url": "http://moviebodycounts.com/American_Ninja.htm"
    }, 
    "American Pop": {
        "body count": "61", 
        "director": "Ralph Bakshi", 
        "url": "http://moviebodycounts.com/American_Pop.htm"
    }, 
    "American Psycho": {
        "body count": "18", 
        "director": "Mary Harron", 
        "url": "http://moviebodycounts.com/American_Psycho.htm"
    }, 
    "American Yakuza": {
        "body count": "53", 
        "director": "Frank A. Capello", 
        "url": "http://moviebodycounts.com/American_Yakuza.htm"
    }, 
    "Another Day In Paradise": {
        "body count": "9", 
        "director": "Larry Clark", 
        "url": "http://moviebodycounts.com/Another_Day_In_Paradise.htm"
    }, 
    "Apocalypse Now": {
        "body count": "62", 
        "director": "Francis Ford Coppola", 
        "url": "http://moviebodycounts.com/Apocalypse_Now.htm"
    }, 
    "Apocalypto": {
        "body count": "114", 
        "director": "Mel Gibson", 
        "url": "http://moviebodycounts.com/Apocalypto.htm"
    }, 
    "Appaloosa": {
        "body count": "10", 
        "director": "Ed Harris", 
        "url": "http://moviebodycounts.com/Appaloosa.htm"
    }, 
    "Armageddon": {
        "body count": "16", 
        "director": "Michael Bay", 
        "url": "http://moviebodycounts.com/Armageddon.htm"
    }, 
    "Army of Darkness (see Evil Dead III)": {
        "body count": "107", 
        "director": "Sam Raimi", 
        "url": "http://moviebodycounts.com/Army_of_Darkness.htm"
    }, 
    "Assault on Precinct 13 (1976)": {
        "body count": "39", 
        "director": "John Carpenter", 
        "url": "http://moviebodycounts.com/Assault_On_Precinct_13_%281976%29.htm"
    }, 
    "Assault on Precinct 13 (2005)": {
        "body count": "21", 
        "director": "Jean-Fran\u00e7ois Richet", 
        "url": "http://moviebodycounts.com/Assault_On_Precinct_13_%282005%29.htm"
    }, 
    "Atonement": {
        "body count": "34", 
        "director": "Joe Wright", 
        "url": "http://moviebodycounts.com/Atonement.htm"
    }, 
    "Austin Powers in Goldmember": {
        "body count": "6", 
        "director": "Jay Roach", 
        "url": "http://moviebodycounts.com/Austin_Powers_in_Goldmember.htm"
    }, 
    "Bad Boys": {
        "body count": "30", 
        "director": "Michael Bay", 
        "url": "http://moviebodycounts.com/Bad_Boys.htm"
    }, 
    "Bad Boys II": {
        "body count": "63", 
        "director": "Michael Bay", 
        "url": "http://moviebodycounts.com/Bad_Boys_2.htm"
    }, 
    "Bangkok Dangerous (2008)": {
        "body count": "38", 
        "director": "The Pang Brothers", 
        "url": "http://moviebodycounts.com/Bangkok_Dangerous.htm"
    }, 
    "Barton Fink": {
        "body count": "3", 
        "director": "Joel and Ethan Coen", 
        "url": "http://moviebodycounts.com/Barton_Fink.htm"
    }, 
    "Batman (1989)": {
        "body count": "56", 
        "director": "Tim Burton", 
        "url": "http://moviebodycounts.com/Batman.htm"
    }, 
    "Batman Begins": {
        "body count": "18", 
        "director": "Christopher Nolan", 
        "url": "http://moviebodycounts.com/batman_begins.htm"
    }, 
    "Batman Returns": {
        "body count": "18", 
        "director": "Tim Burton", 
        "url": "http://moviebodycounts.com/Batman_Returns.htm"
    }, 
    "Better Tomorrow II, A": {
        "body count": "199", 
        "director": "John Woo", 
        "url": "http://moviebodycounts.com/A_Better_Tomorrow2.htm"
    }, 
    "Better Tomorrow, A": {
        "body count": "65", 
        "director": "John Woo", 
        "url": "http://moviebodycounts.com/A_Better_Tomorrow.htm"
    }, 
    "Big Trouble In Little China": {
        "body count": "46", 
        "director": "John Carpenter", 
        "url": "http://moviebodycounts.com/Big_Trouble_In_Little_China.htm"
    }, 
    "Blade": {
        "body count": "111", 
        "director": "Stephen Norrington", 
        "url": "http://moviebodycounts.com/Blade.htm"
    }, 
    "Blade II": {
        "body count": "98", 
        "director": "Guillermo del Toro", 
        "url": "http://moviebodycounts.com/Blade_II.htm"
    }, 
    "Blade Runner": {
        "body count": "5", 
        "director": "Ridley Scott", 
        "url": "http://moviebodycounts.com/Blade_Runner.htm"
    }, 
    "Blade: Trinity": {
        "body count": "140", 
        "director": "David S. Goyer", 
        "url": "http://moviebodycounts.com/Blade_Trinity.htm"
    }, 
    "Blood Diamond": {
        "body count": "187", 
        "director": "Edward Zwick", 
        "url": "http://moviebodycounts.com/Blood_Diamond.htm"
    }, 
    "BloodRayne": {
        "body count": "102", 
        "director": "Uwe Boll", 
        "url": "http://moviebodycounts.com/BloodRayne.htm"
    }, 
    "Braveheart": {
        "body count": "184", 
        "director": "Mel Gibson", 
        "url": "http://moviebodycounts.com/Braveheart.htm"
    }, 
    "Brazil": {
        "body count": "25", 
        "director": "Terry Gilliam", 
        "url": "http://moviebodycounts.com/Brazil.htm"
    }, 
    "Bridge of Dragons": {
        "body count": "109", 
        "director": "Isaac Florentine", 
        "url": "http://moviebodycounts.com/Bridge_of_Dragons.htm"
    }, 
    "Broken Arrow": {
        "body count": "25", 
        "director": "John Woo", 
        "url": "http://moviebodycounts.com/Broken_Arrow.htm"
    }, 
    "Brotherhood of the Wolf": {
        "body count": "40", 
        "director": "Christophe Gans", 
        "url": "http://moviebodycounts.com/Brotherhood_of_the_Wolf.htm"
    }, 
    "Buffalo Soldiers": {
        "body count": "16", 
        "director": "Gregor Jordan", 
        "url": "http://moviebodycounts.com/Buffalo_Soldiers.htm"
    }, 
    "Bullet in the Head": {
        "body count": "214", 
        "director": "John Woo", 
        "url": "http://moviebodycounts.com/Bullet_In_The_Head.htm"
    }, 
    "Bulletproof Monk": {
        "body count": "37", 
        "director": "Paul Hunter", 
        "url": "http://moviebodycounts.com/Bulletproof_Monk.htm"
    }, 
    "Cabin Fever": {
        "body count": "19", 
        "director": "Eli Roth", 
        "url": "http://moviebodycounts.com/Cabin_Fever.htm"
    }, 
    "Casino": {
        "body count": "25", 
        "director": "Martin Scorsese", 
        "url": "http://moviebodycounts.com/Casino.htm"
    }, 
    "Casino Royale (2006)": {
        "body count": "54", 
        "director": "Martin Campbell", 
        "url": "http://moviebodycounts.com/Casino_Royale.htm"
    }, 
    "Charlie Wilson's War": {
        "body count": "22", 
        "director": "Mike Nichols", 
        "url": "http://moviebodycounts.com/Charlie_Wilsons_War.htm"
    }, 
    "Charlie's Angels: Full Throttle": {
        "body count": "39", 
        "director": "McG", 
        "url": "http://moviebodycounts.com/Charlie%27s_Angels_Full_Throttle.htm"
    }, 
    "Children of Men": {
        "body count": "77", 
        "director": "Alfonso Cuar\u00f3n", 
        "url": "http://moviebodycounts.com/Children_of_Men.htm"
    }, 
    "Christine": {
        "body count": "6", 
        "director": "John Carpenter", 
        "url": "http://moviebodycounts.com/Christine.htm"
    }, 
    "A Christmas Story": {
        "body count": "4", 
        "director": "Bob Clark", 
        "url": "http://moviebodycounts.com/Christmas_Story.htm"
    }, 
    "Chronicles of Narnia: The Lion, the Witch & the Wardrobe": {
        "body count": "86", 
        "director": "Andrew Adamson", 
        "url": "http://moviebodycounts.com/Lion_Witch_Wardrobe.htm"
    }, 
    "Circus": {
        "body count": "8", 
        "director": "Rob Walker", 
        "url": "http://moviebodycounts.com/Circus_2000.htm"
    }, 
    "Class of 1999": {
        "body count": "43", 
        "director": "Mark L. Lester", 
        "url": "http://moviebodycounts.com/Class_of_1999.htm"
    }, 
    "Clear & Present Danger": {
        "body count": "41", 
        "director": "Phillip Noyce", 
        "url": "http://moviebodycounts.com/Clear_and_Present_Danger.htm"
    }, 
    "A Clockwork Orange": {
        "body count": "7", 
        "director": "Stanley Kubrick", 
        "url": "http://moviebodycounts.com/Clockwork_Orange.htm"
    }, 
    "Cloverfield": {
        "body count": "27", 
        "director": "Matt Reeves", 
        "url": "http://moviebodycounts.com/Cloverfield.htm"
    }, 
    "Collateral": {
        "body count": "17", 
        "director": "Michael Mann", 
        "url": "http://moviebodycounts.com/Collateral.htm"
    }, 
    "Commando": {
        "body count": "88", 
        "director": "Mark L. Lester", 
        "url": "http://moviebodycounts.com/Commando.htm"
    }, 
    "Con Air": {
        "body count": "30", 
        "director": "Simon West", 
        "url": "http://moviebodycounts.com/Con_Air.htm"
    }, 
    "Confessions of a Dangerous Mind": {
        "body count": "50", 
        "director": "George Clooney", 
        "url": "http://moviebodycounts.com/Confessions_Of_A_Dangerous.htm"
    }, 
    "Conspiracy Theory": {
        "body count": "7", 
        "director": "Richard Donner", 
        "url": "http://moviebodycounts.com/Conspiracy_Theory.htm"
    }, 
    "Constantine": {
        "body count": "7", 
        "director": "Francis Lawrenc", 
        "url": "http://moviebodycounts.com/Constantine.htm"
    }, 
    "Contract Killer (see Hitman)": {
        "body count": "25", 
        "director": "Tung Wei", 
        "url": "http://moviebodycounts.com/Hitman-1998.htm"
    }, 
    "Cradle 2 the Grave": {
        "body count": "13", 
        "director": "Andrzej Bartkowiak", 
        "url": "http://moviebodycounts.com/Cradle_2_The_Grave.htm"
    }, 
    "Crank": {
        "body count": "29", 
        "director": "Mark Neveldine, Brian Taylor", 
        "url": "http://moviebodycounts.com/Crank.htm"
    }, 
    "Creepshow": {
        "body count": "15", 
        "director": "George A. Romero", 
        "url": "http://moviebodycounts.com/Creepshow.htm"
    }, 
    "Crime Spree": {
        "body count": "20", 
        "director": "Brad Mirman", 
        "url": "http://moviebodycounts.com/Crime_Spree.htm"
    }, 
    "Crouching Tiger, Hidden Dragon": {
        "body count": "14", 
        "director": "Ang Lee", 
        "url": "http://moviebodycounts.com/Crouching_Tiger,_Hidden_Dragon.htm"
    }, 
    "Dark Blue": {
        "body count": "8", 
        "director": "Ron Shelton", 
        "url": "http://moviebodycounts.com/Dark_Blue.htm"
    }, 
    "Dawn of the Dead (1978)": {
        "body count": "175", 
        "director": "George A. Romero", 
        "url": "http://moviebodycounts.com/Dawn_of_the_Dead.htm"
    }, 
    "Dawn of the Dead (2004)": {
        "body count": "131", 
        "director": "Zack Snyder", 
        "url": "http://moviebodycounts.com/Dawn_of_the_Dead_04.htm"
    }, 
    "Day of the Dead (1985)": {
        "body count": "40", 
        "director": "George A. Romero", 
        "url": "http://moviebodycounts.com/Day_of_the_Dead.htm"
    }, 
    "Death Sentence": {
        "body count": "15", 
        "director": "James Wan", 
        "url": "http://moviebodycounts.com/Death_Sentence.htm"
    }, 
    "Death to Smoochy": {
        "body count": "3", 
        "director": "Danny DeVito", 
        "url": "http://moviebodycounts.com/Death_to_Smoochy.htm"
    }, 
    "Delta Force 2": {
        "body count": "92", 
        "director": "Aaron Norris", 
        "url": "http://moviebodycounts.com/Delta_Force2.htm"
    }, 
    "Demolition Man": {
        "body count": "25", 
        "director": "Marco Brambilla", 
        "url": "http://moviebodycounts.com/Demolition_Man.htm"
    }, 
    "Desperado": {
        "body count": "80", 
        "director": "Robert Rodriguez", 
        "url": "http://moviebodycounts.com/Desperado.htm"
    }, 
    "Diamonds are Forever": {
        "body count": "29", 
        "director": "Guy Hamilton", 
        "url": "http://moviebodycounts.com/Diamonds_are_Forever.htm"
    }, 
    "Die Hard": {
        "body count": "20", 
        "director": "John McTiernan", 
        "url": "http://moviebodycounts.com/Die_Hard.htm"
    }, 
    "Die Hard 2": {
        "body count": "37", 
        "director": "Renny Harlin", 
        "url": "http://moviebodycounts.com/Die_Hard_2.htm"
    }, 
    "Die Hard with a Vengeance": {
        "body count": "26", 
        "director": "John McTiernan", 
        "url": "http://moviebodycounts.com/Die_Hard_with_a_Vengeance.htm"
    }, 
    "District B13": {
        "body count": "34", 
        "director": "Pierre Morel", 
        "url": "http://moviebodycounts.com/District_B13.htm"
    }, 
    "District B13 (aka Banlieue 13)": {
        "body count": "34", 
        "director": "Pierre Morel", 
        "url": "http://moviebodycounts.com/District_B13.htm"
    }, 
    "Disturbia": {
        "body count": "10", 
        "director": "D.J. Caruso", 
        "url": "http://moviebodycounts.com/Disturbia.htm"
    }, 
    "Domino": {
        "body count": "51", 
        "director": "Tony Scott", 
        "url": "http://moviebodycounts.com/Domino.htm"
    }, 
    "Donnie Darko": {
        "body count": "3", 
        "director": "Richard Kelly", 
        "url": "http://moviebodycounts.com/Donnie_Darko.htm"
    }, 
    "Dr. No": {
        "body count": "8", 
        "director": "Terence Young", 
        "url": "http://moviebodycounts.com/Dr_No.htm"
    }, 
    "Dracula 2000": {
        "body count": "18", 
        "director": "Patrick Lussier", 
        "url": "http://moviebodycounts.com/Dracula_2000.htm"
    }, 
    "Dune": {
        "body count": "186", 
        "director": "David Lynch", 
        "url": "http://moviebodycounts.com/Dune.htm"
    }, 
    "Equilibrium": {
        "body count": "236", 
        "director": "Kurt Wimmer", 
        "url": "http://moviebodycounts.com/Equilibrium.htm"
    }, 
    "Eraser": {
        "body count": "52", 
        "director": "Chuck Russell", 
        "url": "http://moviebodycounts.com/Eraser.htm"
    }, 
    "Escape from New York": {
        "body count": "28", 
        "director": "John Carpenter", 
        "url": "http://moviebodycounts.com/Escape_From_New_York.htm"
    }, 
    "Evil Dead II: Dead by Dawn": {
        "body count": "8", 
        "director": "Sam Raimi", 
        "url": "http://moviebodycounts.com/Evil_Dead_II.htm"
    }, 
    "Evil Dead III: Army of Darkness": {
        "body count": "107", 
        "director": "Sam Raimi", 
        "url": "http://moviebodycounts.com/Army_of_Darkness.htm"
    }, 
    "Exit Wounds": {
        "body count": "38", 
        "director": "Andrzej Bartkowiak", 
        "url": "http://moviebodycounts.com/Exit_Wounds.htm"
    }, 
    "Face/Off": {
        "body count": "56", 
        "director": "John Woo", 
        "url": "http://moviebodycounts.com/Face_Off.htm"
    }, 
    "Fair Game": {
        "body count": "21", 
        "director": "Andrew Sipes", 
        "url": "http://moviebodycounts.com/Fair_Game.htm"
    }, 
    "Fantastic Four: Rise of the Silver Surfer": {
        "body count": "6", 
        "director": "Tim Story", 
        "url": "http://moviebodycounts.com/FF_Silver_Surfer.htm"
    }, 
    "Fear and Loathing in Las Vegas": {
        "body count": "10", 
        "director": "Terry Gilliam", 
        "url": "http://moviebodycounts.com/Fear_and_Loathing_in_Las_Vegas.htm"
    }, 
    "Fearless (Jet Li)": {
        "body count": "5", 
        "director": "Ronny Yu", 
        "url": "http://moviebodycounts.com/Fearless_Jet_Li.htm"
    }, 
    "Fight Club": {
        "body count": "14", 
        "director": "David Fincher", 
        "url": "http://moviebodycounts.com/Fight_Club.htm"
    }, 
    "Firewall": {
        "body count": "5", 
        "director": "Richard Loncraine", 
        "url": "http://moviebodycounts.com/Firewall.htm"
    }, 
    "Fistful of Dollars, A": {
        "body count": "109", 
        "director": "one", 
        "url": "http://moviebodycounts.com/Fistful_of_Dollars.htm"
    }, 
    "Flags of Our Fathers": {
        "body count": "93", 
        "director": "Clint Eastwood", 
        "url": "http://moviebodycounts.com/Flags_of_Our_Fathers.htm"
    }, 
    "Fool's Gold": {
        "body count": "3", 
        "director": "Andy Tennant", 
        "url": "http://moviebodycounts.com/Fools_Gold.htm"
    }, 
    "For Your Eyes Only": {
        "body count": "42", 
        "director": "John Glen", 
        "url": "http://moviebodycounts.com/For_Your_Eyes_Only.htm"
    }, 
    "For a Few Dollars More": {
        "body count": "42", 
        "director": "one", 
        "url": "http://moviebodycounts.com/For_a_Few_Dollars_More.htm"
    }, 
    "Formula 51": {
        "body count": "22", 
        "director": "Ronny Yu", 
        "url": "http://moviebodycounts.com/Formula_51.htm"
    }, 
    "Four Brothers": {
        "body count": "16", 
        "director": "John Singleton", 
        "url": "http://moviebodycounts.com/Four_Brothers.htm"
    }, 
    "Friday the 13th (2009)": {
        "body count": "14", 
        "director": "Marcus Nispel", 
        "url": "http://moviebodycounts.com/Friday_the_13th_%282009%29.htm"
    }, 
    "From Dusk Till Dawn": {
        "body count": "122", 
        "director": "Robert Rodriguez", 
        "url": "http://moviebodycounts.com/From_Dusk_Till_Dawn.htm"
    }, 
    "From Russia With Love": {
        "body count": "21", 
        "director": "Terence Young", 
        "url": "http://moviebodycounts.com/From_Russia_With_Love.htm"
    }, 
    "Gangster No. 1": {
        "body count": "7", 
        "director": "Paul McGuigan", 
        "url": "http://moviebodycounts.com/Gangster_No_1.htm"
    }, 
    "Get Carter (2000)": {
        "body count": "5", 
        "director": "Stephen Kay", 
        "url": "http://moviebodycounts.com/Get_Carter.htm"
    }, 
    "Ghost Rider": {
        "body count": "52", 
        "director": "Mark Steven Johnson", 
        "url": "http://moviebodycounts.com/Ghost_Rider.htm"
    }, 
    "Gladiator": {
        "body count": "77", 
        "director": "Ridley Scott", 
        "url": "http://www.moviebodycounts.com/Gladiator.htm"
    }, 
    "GoldenEye": {
        "body count": "57", 
        "director": "Martin Campbell", 
        "url": "http://moviebodycounts.com/Goldeneye.htm"
    }, 
    "Goldfinger": {
        "body count": "62", 
        "director": "Guy Hamilton", 
        "url": "http://www.moviebodycounts.com/Goldfinger.htm"
    }, 
    "The Good, the Bad and the Ugly": {
        "body count": "126", 
        "director": ":", 
        "url": "http://moviebodycounts.com/The_Good,_the_Bad_and_the_Ugly.htm"
    }, 
    "Grindhouse: Death Proof": {
        "body count": "8", 
        "director": "Quentin Tarantino", 
        "url": "http://moviebodycounts.com/Grindhouse_Death_Proof.htm"
    }, 
    "Grindhouse: Planet Terror": {
        "body count": "281", 
        "director": "Robert Rodriguez", 
        "url": "http://moviebodycounts.com/Grindhouse_Planet_Terror.htm"
    }, 
    "Grosse Pointe Blank": {
        "body count": "16", 
        "director": "George Armitage", 
        "url": "http://www.moviebodycounts.com/Grosse_Pointe_Blank.htm"
    }, 
    "Hamlet (1990)": {
        "body count": "9", 
        "director": "Franco Zeffirelli", 
        "url": "http://moviebodycounts.com/Hamlet_1990.htm"
    }, 
    "Hannibal": {
        "body count": "15", 
        "director": "Ridley Scott", 
        "url": "http://moviebodycounts.com/Hannibal.htm"
    }, 
    "Hard Boiled": {
        "body count": "307", 
        "director": "John Woo", 
        "url": "http://moviebodycounts.com/Hard_Boiled.htm"
    }, 
    "Hard to Kill": {
        "body count": "19", 
        "director": "Bruce Malmuth", 
        "url": "http://moviebodycounts.com/Hard_to_Kill.htm"
    }, 
    "Harry Potter & the Goblet of Fire": {
        "body count": "3", 
        "director": "Mike Newell", 
        "url": "http://moviebodycounts.com/HP_Goblet_of_Fire.htm"
    }, 
    "Heat": {
        "body count": "18", 
        "director": "Michael Mann", 
        "url": "http://moviebodycounts.com/Heat.htm"
    }, 
    "Hellboy": {
        "body count": "42", 
        "director": "Guillermo del Toro", 
        "url": "http://moviebodycounts.com/Hellboy.htm"
    }, 
    "Hero": {
        "body count": "152", 
        "director": "Yimou Zhang", 
        "url": "http://moviebodycounts.com/Hero.htm"
    }, 
    "A History of Violence": {
        "body count": "13", 
        "director": "David Cronenberg", 
        "url": "http://moviebodycounts.com/History_of_Violence.htm"
    }, 
    "Hitman (1998)": {
        "body count": "25", 
        "director": "Tung Wei", 
        "url": "http://moviebodycounts.com/Hitman-1998.htm"
    }, 
    "Hitman (2007)": {
        "body count": "55 kills", 
        "director": "Xavier Gens", 
        "url": "http://moviebodycounts.com/Hitman.htm"
    }, 
    "Hollow Point": {
        "body count": "17", 
        "director": "Sidney J. Furie", 
        "url": "http://moviebodycounts.com/Hollow_Point.htm"
    }, 
    "Hostage": {
        "body count": "16", 
        "director": "Florent Emilio Siri", 
        "url": "http://moviebodycounts.com/Hostage.htm"
    }, 
    "Hot Fuzz": {
        "body count": "29", 
        "director": "Edgar Wright", 
        "url": "http://moviebodycounts.com/Hot_Fuzz.htm"
    }, 
    "Hot Shots! Part Deux": {
        "body count": "114", 
        "director": "Jim Abrahams", 
        "url": "http://moviebodycounts.com/Hot_Shots_Deux.htm"
    }, 
    "House of the Dead": {
        "body count": "141", 
        "director": "Uwe Boll", 
        "url": "http://moviebodycounts.com/House_of_the_Dead.htm"
    }, 
    "House on Haunted Hill (1999)": {
        "body count": "30", 
        "director": "William Malone", 
        "url": "http://moviebodycounts.com/House_on_Haunted_Hill_99.htm"
    }, 
    "I Am Legend": {
        "body count": "71", 
        "director": "Francis Lawrence", 
        "url": "http://moviebodycounts.com/I-Am-Legend.htm"
    }, 
    "In Bruges": {
        "body count": "5", 
        "director": "Martin McDonagh", 
        "url": "http://moviebodycounts.com/In_Bruges.htm"
    }, 
    "Incredible Hulk, The (2008)": {
        "body count": "41", 
        "director": "Louis Leterrier", 
        "url": "http://moviebodycounts.com/Incredible_Hulk_2008.htm"
    }, 
    "Indiana Jones & the Kingdom of the Crystal Skull": {
        "body count": "76", 
        "director": "Steven Spielberg", 
        "url": "http://moviebodycounts.com/Indiana_Jones_Chrystal_Skull.htm"
    }, 
    "Inside Man": {
        "body count": "13", 
        "director": "Spike Lee", 
        "url": "http://moviebodycounts.com/Inside_Man.htm"
    }, 
    "Invasion U.S.A.": {
        "body count": "146", 
        "director": "Joseph Zito", 
        "url": "http://moviebodycounts.com/Invasion_USA.htm"
    }, 
    "Iron Man": {
        "body count": "57", 
        "director": "Jon Favreau", 
        "url": "http://moviebodycounts.com/Iron_Man.htm"
    }, 
    "Jack Brooks: Monster Slayer": {
        "body count": "15", 
        "director": "Jon Knautz", 
        "url": "http://moviebodycounts.com/Jack_Brooks_Monster_Slayer.htm"
    }, 
    "Jackie Brown": {
        "body count": "4", 
        "director": "Quentin Tarantino", 
        "url": "http://moviebodycounts.com/Jackie_Brown.htm"
    }, 
    "Jason X": {
        "body count": "27", 
        "director": "James Isaac", 
        "url": "http://moviebodycounts.com/Jason_X.htm"
    }, 
    "Jumper": {
        "body count": "7", 
        "director": "Doug Liman", 
        "url": "http://moviebodycounts.com/Jumper.htm"
    }, 
    "Jurassic Park III": {
        "body count": "6", 
        "director": "Joe Johnston", 
        "url": "http://moviebodycounts.com/Jurassic_Park_3.htm"
    }, 
    "K-19: The Widowmaker": {
        "body count": "10", 
        "director": "Kathryn Bigelow", 
        "url": "http://moviebodycounts.com/K_19_The_Widowmaker.htm"
    }, 
    "Kelly's Heroes": {
        "body count": "139", 
        "director": "Brian G. Hutton", 
        "url": "http://moviebodycounts.com/Kelly%27s_Heroes.htm"
    }, 
    "Kill Bill: Vol. 1": {
        "body count": "95", 
        "director": "Quentin Tarantino", 
        "url": "http://moviebodycounts.com/Kill_Bill_1.htm"
    }, 
    "Kill Bill: Vol. 2": {
        "body count": "3", 
        "director": "Quentin Tarantino", 
        "url": "http://moviebodycounts.com/Kill_Bill_2.htm"
    }, 
    "King Kong (2005)": {
        "body count": "23", 
        "director": "Peter Jackson", 
        "url": "http://moviebodycounts.com/King_Kong.htm"
    }, 
    "King of New York": {
        "body count": "38", 
        "director": "Abel Ferrara", 
        "url": "http://moviebodycounts.com/King_of_New_York.htm"
    }, 
    "Kingdom of Heaven": {
        "body count": "610", 
        "director": "Ridley Scott", 
        "url": "http://moviebodycounts.com/Kingdom_of_Heaven.htm"
    }, 
    "Kiss Kiss Bang Bang": {
        "body count": "15", 
        "director": "Shane Black", 
        "url": "http://moviebodycounts.com/Kiss_Kiss_Bang_Bang.htm"
    }, 
    "Kung Fu Hustle": {
        "body count": "20", 
        "director": "Stephen Chow", 
        "url": "http://moviebodycounts.com/Kung_Fu_Hustle.htm"
    }, 
    "The Ladykillers (2004)": {
        "body count": "5", 
        "director": "Joel & Ethan Coen", 
        "url": "http://moviebodycounts.com/Ladykillers_2004.htm"
    }, 
    "Last Action Hero": {
        "body count": "45", 
        "director": "John McTiernan", 
        "url": "http://moviebodycounts.com/Last_Action_Hero.htm"
    }, 
    "The Last House on the Left (2009)": {
        "body count": "6", 
        "director": ":  Dennis Iliadis", 
        "url": "http://moviebodycounts.com/Last_House_on_the_Left.htm"
    }, 
    "Layer Cake": {
        "body count": "8", 
        "director": "Matthew Vaughn", 
        "url": "http://moviebodycounts.com/Layer_Cake.htm"
    }, 
    "Leon (aka The Professional)": {
        "body count": "33", 
        "director": "Luc Besson", 
        "url": "http://moviebodycounts.com/Leon.htm"
    }, 
    "Lethal Weapon": {
        "body count": "26", 
        "director": "Richard Donner", 
        "url": "http://moviebodycounts.com/Lethal_Weapon.htm"
    }, 
    "Lethal Weapon 2": {
        "body count": "33", 
        "director": "Richard Donner", 
        "url": "http://moviebodycounts.com/Lethal_Weapon2.htm"
    }, 
    "Lethal Weapon 3": {
        "body count": "17", 
        "director": "Richard Donner", 
        "url": "http://moviebodycounts.com/Lethal_Weapon3.htm"
    }, 
    "Lethal Weapon 4": {
        "body count": "30", 
        "director": "Richard Donner", 
        "url": "http://moviebodycounts.com/Lethal_Weapon4.htm"
    }, 
    "Letters from Iwo Jima": {
        "body count": "84", 
        "director": "Clint Eastwood", 
        "url": "http://moviebodycounts.com/Letters_from_Iwo_Jima.htm"
    }, 
    "Lion, the Witch & the Wardrobe (see Chronicles of Narnia)": {
        "body count": "86", 
        "director": "Andrew Adamson", 
        "url": "http://moviebodycounts.com/Lion_Witch_Wardrobe.htm"
    }, 
    "Live and Let Die": {
        "body count": "11", 
        "director": "Guy Hamilton", 
        "url": "http://moviebodycounts.com/Live_and_Let_Die.htm"
    }, 
    "Lock, Stock and Two Smoking Barrels": {
        "body count": "16", 
        "director": "Guy Ritchie", 
        "url": "http://moviebodycounts.com/Lock_Stock_and_Two_Smoking_Barrels.htm"
    }, 
    "Lone Wolf and Cub: White Heaven in Hell": {
        "body count": "169", 
        "director": "Yoshiyuki Kuroda", 
        "url": "http://moviebodycounts.com/Lone_Wolf_and_Cub_White_Heaven_in_Hell.htm"
    }, 
    "Lord of the Rings: Fellowship of the Ring": {
        "body count": "118", 
        "director": "Peter Jackson", 
        "url": "http://moviebodycounts.com/LotR_Fellowship.htm"
    }, 
    "Lord of the Rings: Return of the King": {
        "body count": "836", 
        "director": "Peter Jackson", 
        "url": "http://moviebodycounts.com/LotR_Return_ot_King.htm"
    }, 
    "Lord of the Rings: Two Towers": {
        "body count": "468", 
        "director": "Peter Jackson", 
        "url": "http://moviebodycounts.com/LotR_Two_Towers.htm"
    }, 
    "Lucky Number Slevin": {
        "body count": "19", 
        "director": "Paul McGuigan", 
        "url": "http://moviebodycounts.com/Lucky_Number_Sleven.htm"
    }, 
    "Mad Max": {
        "body count": "9", 
        "director": "George Miller", 
        "url": "http://moviebodycounts.com/Mad_Max.htm"
    }, 
    "Mad Max 2: Road Warrior": {
        "body count": "44", 
        "director": "George Miller", 
        "url": "http://moviebodycounts.com/Mad_Max_2_Road_Warrior.htm"
    }, 
    "Mad Max Beyond Thunderdome": {
        "body count": "12", 
        "director": "George Miller,", 
        "url": "http://moviebodycounts.com/Mad_Max_Beyond_Thunderdome.htm"
    }, 
    "A Man Apart": {
        "body count": "39", 
        "director": "F. Gary Gray", 
        "url": "http://moviebodycounts.com/Man_Apart.htm"
    }, 
    "Marked for Death": {
        "body count": "34", 
        "director": "Dwight H. Little", 
        "url": "http://moviebodycounts.com/Marked_for_Death.htm"
    }, 
    "Maverick": {
        "body count": "4", 
        "director": "Richard Donner", 
        "url": "http://moviebodycounts.com/Maverick.htm"
    }, 
    "Max Payne": {
        "body count": "38", 
        "director": "John Moore", 
        "url": "http://moviebodycounts.com/Max_Payne.htm"
    }, 
    "Maximum Risk": {
        "body count": "18", 
        "director": "Ringo Lam", 
        "url": "http://moviebodycounts.com/Maximum_Risk.htm"
    }, 
    "McBain": {
        "body count": "181", 
        "director": "James Glickenhaus", 
        "url": "http://moviebodycounts.com/McBain.htm"
    }, 
    "Mean Machine": {
        "body count": "3", 
        "director": "Barry Skolnick", 
        "url": "http://moviebodycounts.com/Mean_Machine.htm"
    }, 
    "Memento": {
        "body count": "4", 
        "director": "Christopher Nolan", 
        "url": "http://moviebodycounts.com/Memento.htm"
    }, 
    "Milk": {
        "body count": "4", 
        "director": "Gus Van Sant", 
        "url": "http://moviebodycounts.com/Milk.htm"
    }, 
    "Minority Report": {
        "body count": "4", 
        "director": "Steven Spielberg", 
        "url": "http://moviebodycounts.com/Minority_Report.htm"
    }, 
    "Missing in Action": {
        "body count": "100", 
        "director": "Joseph Zito", 
        "url": "http://moviebodycounts.com/Missing_in_Action.htm"
    }, 
    "Mission: Impossible": {
        "body count": "9", 
        "director": "Brian De Palma", 
        "url": "http://moviebodycounts.com/Mission_Impossible.htm"
    }, 
    "Mission: Impossible II": {
        "body count": "37", 
        "director": "John Woo", 
        "url": "http://moviebodycounts.com/Mission_Impossible2.htm"
    }, 
    "Mission: Impossible III": {
        "body count": "23", 
        "director": "J. J. Abrams", 
        "url": "http://moviebodycounts.com/Mission_Impossible_III.htm"
    }, 
    "Mortal Kombat": {
        "body count": "11", 
        "director": "Paul W.S. Anderson", 
        "url": "http://moviebodycounts.com/Mortal_Kombat.htm"
    }, 
    "Mr. & Mrs. Smith": {
        "body count": "43", 
        "director": "Doug Liman", 
        "url": "http://moviebodycounts.com/Mr_&_Mrs_Smith.htm"
    }, 
    "Mr. Brooks": {
        "body count": "9", 
        "director": "Bruce A. Evans", 
        "url": "http://moviebodycounts.com/Mr_Brooks.htm"
    }, 
    "Mummy, The (1999)": {
        "body count": "155", 
        "director": "Stephen Sommers", 
        "url": "http://moviebodycounts.com/Mummy.htm"
    }, 
    "Munich": {
        "body count": "49", 
        "director": "Steven Spielberg", 
        "url": "http://moviebodycounts.com/Munich.htm"
    }, 
    "My Bloody Valentine 3D (2009)": {
        "body count": "24", 
        "director": "Patrick Lussier", 
        "url": "http://moviebodycounts.com/My_Bloody_Valentine_3D.htm"
    }, 
    "Nightmare on Elm Street, A": {
        "body count": "4", 
        "director": "Wes Craven", 
        "url": "http://moviebodycounts.com/Nightmare_on_Elm_Street.htm"
    }, 
    "No Country for Old Men": {
        "body count": "22 kills", 
        "director": "Joel and Ethan Coen", 
        "url": "http://moviebodycounts.com/No_Country_for_Old_Men.htm"
    }, 
    "Octopussy": {
        "body count": "46", 
        "director": "John Glen", 
        "url": "http://moviebodycounts.com/Octopussy.htm"
    }, 
    "Omen, The (2006)": {
        "body count": "8", 
        "director": "John Moore", 
        "url": "http://moviebodycounts.com/The_Omen_666.htm"
    }, 
    "On Deadly Ground": {
        "body count": "25", 
        "director": "Steven Seagal", 
        "url": "http://moviebodycounts.com/On_Deadly_Ground.htm"
    }, 
    "On Her Majesty's Secret Service": {
        "body count": "26", 
        "director": "Peter R. Hunt", 
        "url": "http://moviebodycounts.com/On_Her_Majestys_Secret_Service.htm"
    }, 
    "Once Upon a Time in Mexico": {
        "body count": "99", 
        "director": "Robert Rodriguez", 
        "url": "http://moviebodycounts.com/Once_Upon_A_Time_In_Mexico.htm"
    }, 
    "Once a Thief": {
        "body count": "59", 
        "director": "John Woo", 
        "url": "http://moviebodycounts.com/Once_a_Thief.htm"
    }, 
    "Operation Delta Force": {
        "body count": "120", 
        "director": "Sam Firstenberg", 
        "url": "http://moviebodycounts.com/Operation_Delta_Force.htm"
    }, 
    "Out for Justice": {
        "body count": "20", 
        "director": "John Flynn", 
        "url": "http://moviebodycounts.com/Out_For_Justice.htm"
    }, 
    "Out of Sight": {
        "body count": "9", 
        "director": "Steven Soderbergh", 
        "url": "http://moviebodycounts.com/Out_of_Sight.htm"
    }, 
    "Pan's Labyrinth": {
        "body count": "30", 
        "director": "Guillermo del Toro", 
        "url": "http://moviebodycounts.com/Pans_Labyrinth.htm"
    }, 
    "Patriot Games": {
        "body count": "35", 
        "director": "Phillip Noyce", 
        "url": "http://moviebodycounts.com/Patriot_Games.htm"
    }, 
    "Patriot, The (1998, Seagal)": {
        "body count": "42", 
        "director": "Dean Semler", 
        "url": "http://moviebodycounts.com/Patriot_1998.htm"
    }, 
    "Patriot, The (2000, Gibson)": {
        "body count": "123", 
        "director": "Roland Emmerich", 
        "url": "http://moviebodycounts.com/The_Patriot.htm"
    }, 
    "Payback": {
        "body count": "18", 
        "director": "Brian Helgeland", 
        "url": "http://moviebodycounts.com/Payback.htm"
    }, 
    "Pearl Harbor": {
        "body count": "153", 
        "director": "Michael Bay", 
        "url": "http://moviebodycounts.com/Pearl_Harbor.htm"
    }, 
    "The Phantom of the Opera (2004)": {
        "body count": "3", 
        "director": "Joel Schumacher", 
        "url": "http://moviebodycounts.com/Phantom_of_the_Opera.htm"
    }, 
    "Pirates of the Caribbean: Curse of the Black Pearl": {
        "body count": "42", 
        "director": "Gore Verbinski", 
        "url": "http://moviebodycounts.com/Pirates_of_the_Caribbean.htm"
    }, 
    "Pirates of the Caribbean: Dead Man's Chest": {
        "body count": "90", 
        "director": "Gore Verbinski", 
        "url": "http://moviebodycounts.com/PotC_Dead_Mans_Chest.htm"
    }, 
    "Plan 9 from Outer Space": {
        "body count": "7", 
        "director": "Edward D. Wood, Jr.", 
        "url": "http://moviebodycounts.com/Plan_9.htm"
    }, 
    "Platoon Leader": {
        "body count": "106", 
        "director": "Aaron Norris", 
        "url": "http://moviebodycounts.com/Platoon_Leader.htm"
    }, 
    "Point of No Return": {
        "body count": "35", 
        "director": "John Badham", 
        "url": "http://moviebodycounts.com/Point_of_No_Return.htm"
    }, 
    "Predator": {
        "body count": "64", 
        "director": "John McTiernan", 
        "url": "http://moviebodycounts.com/Predator.htm"
    }, 
    "Prince of Jutland (aka Royal Deceit)": {
        "body count": "38", 
        "director": "Gabriel Axel", 
        "url": "http://moviebodycounts.com/Prince_of_Jutland.htm"
    }, 
    "The Professional (see Leon)": {
        "body count": "33", 
        "director": "Luc Besson", 
        "url": "http://moviebodycounts.com/Leon.htm"
    }, 
    "Pulp": {
        "body count": "6", 
        "director": "Mike Hodges", 
        "url": "http://moviebodycounts.com/Pulp.htm"
    }, 
    "Pulp Fiction": {
        "body count": "10", 
        "director": "Quentin Tarantino", 
        "url": "http://moviebodycounts.com/Pulp_Fiction.htm"
    }, 
    "The Punisher (1989)": {
        "body count": "96", 
        "director": "Mark Goldblatt", 
        "url": "http://moviebodycounts.com/The_Punisher_1989.htm"
    }, 
    "Push": {
        "body count": "24", 
        "director": "Paul McGuigan", 
        "url": "http://moviebodycounts.com/Push.htm"
    }, 
    "Raiders of the Lost Ark": {
        "body count": "84", 
        "director": "Steven Spielberg", 
        "url": "http://moviebodycounts.com/Raiders_of_the_Lost_Ark.htm"
    }, 
    "Rambo (2008)": {
        "body count": "247", 
        "director": "Sylvester Stallone", 
        "url": "http://moviebodycounts.com/Rambo_2008.htm"
    }, 
    "Rambo III": {
        "body count": "127", 
        "director": "Peter MacDonald", 
        "url": "http://moviebodycounts.com/Rambo_III.htm"
    }, 
    "Rambo: First Blood Part II": {
        "body count": "67", 
        "director": "George P. Cosmatos", 
        "url": "http://moviebodycounts.com/Rambo_First_Blood.htm"
    }, 
    "Raw Deal": {
        "body count": "38", 
        "director": "John Irvin", 
        "url": "http://moviebodycounts.com/Raw_Deal.htm"
    }, 
    "Red Dawn": {
        "body count": "118", 
        "director": "John Milius", 
        "url": "http://moviebodycounts.com/Red_Dawn.htm"
    }, 
    "Red Planet": {
        "body count": "4", 
        "director": "Antony Hoffman", 
        "url": "http://moviebodycounts.com/Red_Planet.htm"
    }, 
    "Red Scorpion": {
        "body count": "104", 
        "director": "Joseph Zito", 
        "url": "http://moviebodycounts.com/Red_Scorpion.htm"
    }, 
    "Reign of Fire": {
        "body count": "29", 
        "director": "Rob Bowman", 
        "url": "http://moviebodycounts.com/Reign_of_Fire.htm"
    }, 
    "Reservoir Dogs": {
        "body count": "12", 
        "director": "Quentin Tarantino", 
        "url": "http://moviebodycounts.com/Reservoir_Dogs.htm"
    }, 
    "Resident Evil: Apocalypse": {
        "body count": "123", 
        "director": "Alexander Witt", 
        "url": "http://moviebodycounts.com/Resident_Evil_Apocalypse.htm"
    }, 
    "Resident Evil: Extinction": {
        "body count": "124", 
        "director": "Russell Mulcahy", 
        "url": "http://moviebodycounts.com/Resident_Evil_Extinction.htm"
    }, 
    "Riders (aka Steal)": {
        "body count": "6", 
        "director": "G\u00e9rard Pir\u00e8s", 
        "url": "http://moviebodycounts.com/Riders.htm"
    }, 
    "Ripley's Game": {
        "body count": "11", 
        "director": "Liliana Cavani", 
        "url": "http://moviebodycounts.com/Ripleys_Game.htm"
    }, 
    "Ritana (aka Returner)": {
        "body count": "91", 
        "director": "Takashi Yamazaki", 
        "url": "http://moviebodycounts.com/Ritana.htm"
    }, 
    "Road House": {
        "body count": "7", 
        "director": "Rowdy Herrington", 
        "url": "http://moviebodycounts.com/Road_House.htm"
    }, 
    "RoboCop": {
        "body count": "34", 
        "director": "Paul Verhoeven", 
        "url": "http://moviebodycounts.com/Robocop.htm"
    }, 
    "RocknRolla": {
        "body count": "11 deaths", 
        "director": "Guy Ritchie", 
        "url": "http://moviebodycounts.com/RocknRolla.htm"
    }, 
    "Romeo is Bleeding": {
        "body count": "15", 
        "director": "Peter Medak", 
        "url": "http://moviebodycounts.com/Romeo_is_Bleeding.htm"
    }, 
    "Ronin": {
        "body count": "34", 
        "director": "John Frankenheimer", 
        "url": "http://moviebodycounts.com/Ronin.htm"
    }, 
    "Royal Deceit (see Prince of Jutland)": {
        "body count": "38", 
        "director": "Gabriel Axel", 
        "url": "http://moviebodycounts.com/Prince_of_Jutland.htm"
    }, 
    "Running Scared (2006)": {
        "body count": "22", 
        "director": "Wayne Kramer", 
        "url": "http://moviebodycounts.com/Running_Scared_2006.htm"
    }, 
    "Sahara": {
        "body count": "68", 
        "director": "Breck Eisner", 
        "url": "http://moviebodycounts.com/Sahara.htm"
    }, 
    "Saving Private Ryan": {
        "body count": "255", 
        "director": "Steven Spielberg", 
        "url": "http://moviebodycounts.com/Saving_Private_Ryan.htm"
    }, 
    "Scarface": {
        "body count": "44", 
        "director": "Brian De Palma", 
        "url": "http://moviebodycounts.com/Scarface.htm"
    }, 
    "Secret Window": {
        "body count": "4", 
        "director": "David Koepp", 
        "url": "http://moviebodycounts.com/Secret_Window.htm"
    }, 
    "Secret of NIMH": {
        "body count": "12", 
        "director": "Don Bluth", 
        "url": "http://moviebodycounts.com/Secret_of_NIMH.htm"
    }, 
    "Serenity": {
        "body count": "74", 
        "director": "Joss Whedon", 
        "url": "http://moviebodycounts.com/Serenity.htm"
    }, 
    "Severance": {
        "body count": "28", 
        "director": "Christopher Smith", 
        "url": "http://moviebodycounts.com/Severance.htm"
    }, 
    "Shaft (2000)": {
        "body count": "22", 
        "director": "John Singleton", 
        "url": "http://moviebodycounts.com/Shaft_2000.htm"
    }, 
    "Shaun of the Dead": {
        "body count": "60", 
        "director": "Edgar Wright", 
        "url": "http://moviebodycounts.com/Shaun_of_the_Dead.htm"
    }, 
    "Shoot 'Em Up": {
        "body count": "151", 
        "director": "Michael Davis", 
        "url": "http://moviebodycounts.com/Shoot_Em_Up.htm"
    }, 
    "Showdown In Little Tokyo": {
        "body count": "48", 
        "director": "Mark L. Lester", 
        "url": "http://moviebodycounts.com/Showdown_In_Little_Tokyo.htm"
    }, 
    "Signs": {
        "body count": "3", 
        "director": "M. Night Shyamalan", 
        "url": "http://moviebodycounts.com/Signs.htm"
    }, 
    "Silent Trigger": {
        "body count": "35", 
        "director": "Russell Mulcahy", 
        "url": "http://moviebodycounts.com/Silent_Trigger.htm"
    }, 
    "Sin City": {
        "body count": "53", 
        "director": "Robert Rodriguez", 
        "url": "http://moviebodycounts.com/Sin_City.htm"
    }, 
    "Sleepy Hollow": {
        "body count": "25", 
        "director": "Tim Burton", 
        "url": "http://moviebodycounts.com/Sleepy_Hollow.htm"
    }, 
    "Slumdog Millionaire": {
        "body count": "8", 
        "director": "Danny Boyle", 
        "url": "http://moviebodycounts.com/Slumdog_Millionaire.htm"
    }, 
    "Smokin' Aces": {
        "body count": "47", 
        "director": "Joe Carnahan", 
        "url": "http://moviebodycounts.com/Smokin_Aces.htm"
    }, 
    "Snakes on a Plane": {
        "body count": "60", 
        "director": "David R. Ellis", 
        "url": "http://moviebodycounts.com/Snakes_on_a_Plane.htm"
    }, 
    "Snatch": {
        "body count": "26", 
        "director": "Guy Ritchie", 
        "url": "http://moviebodycounts.com/Snatch.htm"
    }, 
    "Spartan": {
        "body count": "15", 
        "director": "David Mamet", 
        "url": "http://moviebodycounts.com/Spartan.htm"
    }, 
    "Speed": {
        "body count": "7", 
        "director": "Jan de Bon", 
        "url": "http://moviebodycounts.com/Speed.htm"
    }, 
    "Star Trek X: Nemesis": {
        "body count": "54", 
        "director": "Stuart Baird", 
        "url": "http://moviebodycounts.com/Star_Trek_Nemesis.htm"
    }, 
    "Star Wars I: Phantom Menace": {
        "body count": "34", 
        "director": "George Lucas", 
        "url": "http://moviebodycounts.com/Star_Wars_I.htm"
    }, 
    "Star Wars II: Attack of the Clones": {
        "body count": "55", 
        "director": "George Lucas", 
        "url": "http://moviebodycounts.com/Star_Wars_II.htm"
    }, 
    "Stardust": {
        "body count": "22", 
        "director": "Matthew Vaughn", 
        "url": "http://moviebodycounts.com/Stardust.htm"
    }, 
    "Taken": {
        "body count": "35", 
        "director": "Pierre Morel", 
        "url": "http://moviebodycounts.com/Taken.htm"
    }, 
    "Tango & Cash": {
        "body count": "20", 
        "director": "Andrei Konchalovsky, Albert Magnoli", 
        "url": "http://moviebodycounts.com/Tango_&_Cash.htm"
    }, 
    "Taxi Driver": {
        "body count": "4", 
        "director": "Martin Scorsese", 
        "url": "http://moviebodycounts.com/Taxi_Driver.htm"
    }, 
    "Team America": {
        "body count": "78", 
        "director": "Trey Parker", 
        "url": "http://moviebodycounts.com/Team_America.htm"
    }, 
    "Terminator": {
        "body count": "34", 
        "director": "James Cameron", 
        "url": "http://moviebodycounts.com/Terminator.htm"
    }, 
    "Terminator 2: Judgment Day": {
        "body count": "23", 
        "director": "James Cameron", 
        "url": "http://moviebodycounts.com/Terminator2.htm"
    }, 
    "Terminator 3: Rise of the Machines": {
        "body count": "14", 
        "director": "Jonathan Mostow", 
        "url": "http://moviebodycounts.com/Terminator3.htm"
    }, 
    "The Abominable Dr. Phibes": {
        "body count": "10", 
        "director": "Robert Fuest", 
        "url": "http://moviebodycounts.com/Abominable_Dr_Phibes.htm"
    }, 
    "The Adventures of Ford Fairlane": {
        "body count": "7", 
        "director": "Renny Harlin", 
        "url": "http://moviebodycounts.com/Adventures_of_Ford_Fairlane.htm"
    }, 
    "The Bank Job": {
        "body count": "4", 
        "director": "Roger Donaldson", 
        "url": "http://moviebodycounts.com/Bank_Job.htm"
    }, 
    "The Big Hit": {
        "body count": "38", 
        "director": "Kirk Wong", 
        "url": "http://moviebodycounts.com/Big_Hit.htm"
    }, 
    "The Black Dahlia": {
        "body count": "13", 
        "director": "Brian De Palma", 
        "url": "http://moviebodycounts.com/Black_Dahlia.htm"
    }, 
    "The Boondock Saints": {
        "body count": "33", 
        "director": "Troy Duffy", 
        "url": "http://moviebodycounts.com/Boondock_Saints.htm"
    }, 
    "The Bourne Identity": {
        "body count": "8", 
        "director": "Doug Liman", 
        "url": "http://moviebodycounts.com/Bourne_Identity.htm"
    }, 
    "The Bourne Supremacy": {
        "body count": "9", 
        "director": "Paul Greengrass", 
        "url": "http://moviebodycounts.com/Bourne_Supremacy.htm"
    }, 
    "The Bourne Ultimatum": {
        "body count": "5", 
        "director": "Paul Greengrass", 
        "url": "http://moviebodycounts.com/Bourne_Ultimatum.htm"
    }, 
    "The Chronicles of Riddick": {
        "body count": "187", 
        "director": "David Twohy", 
        "url": "http://moviebodycounts.com/Chronicles_of_Riddick.htm"
    }, 
    "The Constant Gardner": {
        "body count": "18", 
        "director": "Fernando Meirelles", 
        "url": "http://moviebodycounts.com/Constant_Gardener.htm"
    }, 
    "The Corruptor": {
        "body count": "37", 
        "director": "James Foley", 
        "url": "http://moviebodycounts.com/The_Corruptor.htm"
    }, 
    "The Count of Monte Cristo (2002)": {
        "body count": "5", 
        "director": "Kevin Reynolds", 
        "url": "http://moviebodycounts.com/Count_of_Monte_Cristo.htm"
    }, 
    "The Crow": {
        "body count": "35", 
        "director": "Alex Proyas", 
        "url": "http://moviebodycounts.com/Crow.htm"
    }, 
    "The Crucible": {
        "body count": "12", 
        "director": "Nicholas Hytner", 
        "url": "http://moviebodycounts.com/Crucible.htm"
    }, 
    "The Dark Knight": {
        "body count": "36", 
        "director": "Christopher Nolan", 
        "url": "http://moviebodycounts.com/Dark_Knight.htm"
    }, 
    "The Departed": {
        "body count": "21", 
        "director": "Martin Scorsese", 
        "url": "http://moviebodycounts.com/The_Departed.htm"
    }, 
    "The Devil's Rejects": {
        "body count": "30", 
        "director": "Rob Zombie", 
        "url": "http://moviebodycounts.com/Devils_Rejects.htm"
    }, 
    "The Fifth Element": {
        "body count": "80", 
        "director": "Luc Besson", 
        "url": "http://moviebodycounts.com/Fifth_Element.htm"
    }, 
    "The Fly II": {
        "body count": "8", 
        "director": "Chris Walas", 
        "url": "http://moviebodycounts.com/Fly2.htm"
    }, 
    "The Fog": {
        "body count": "6", 
        "director": "John Carpenter", 
        "url": "http://moviebodycounts.com/The_Fog.htm"
    }, 
    "The French Connection": {
        "body count": "12", 
        "director": "William Friedkin", 
        "url": "http://moviebodycounts.com/French_Connection.htm"
    }, 
    "The Fugitive": {
        "body count": "5", 
        "director": "Andrew Davis", 
        "url": "http://moviebodycounts.com/Fugitive.htm"
    }, 
    "The Good Shepherd": {
        "body count": "5", 
        "director": "Robert De Niro", 
        "url": "http://moviebodycounts.com/The_Good_Shepherd.htm"
    }, 
    "The Guardian": {
        "body count": "11", 
        "director": "Andrew Davis", 
        "url": "http://moviebodycounts.com/Guardian.htm"
    }, 
    "The Hunt for Red October": {
        "body count": "7", 
        "director": "John McTiernan", 
        "url": "http://moviebodycounts.com/Hunt_for_Red_October.htm"
    }, 
    "The Incredibles": {
        "body count": "16", 
        "director": "Brad Bird", 
        "url": "http://moviebodycounts.com/Incredibles.htm"
    }, 
    "The International": {
        "body count": "18", 
        "director": "Tom Tykwer", 
        "url": "http://moviebodycounts.com/International.htm"
    }, 
    "The Island": {
        "body count": "12", 
        "director": "Michael Bay", 
        "url": "http://moviebodycounts.com/The_Island.htm"
    }, 
    "The Jackal": {
        "body count": "11", 
        "director": "Michael Caton-Jones", 
        "url": "http://moviebodycounts.com/The_Jackal.htm"
    }, 
    "The Killer": {
        "body count": "149", 
        "director": "John Woo", 
        "url": "http://moviebodycounts.com/The_Killer.htm"
    }, 
    "The Last Boy Scout": {
        "body count": "26", 
        "director": "Tony Scott", 
        "url": "http://moviebodycounts.com/Last_Boy_Scout.htm"
    }, 
    "The Last Samurai": {
        "body count": "558", 
        "director": "Edward Zwick", 
        "url": "http://moviebodycounts.com/Last_Samurai.htm"
    }, 
    "The Last of the Mohicans": {
        "body count": "172", 
        "director": "Michael Mann", 
        "url": "http://moviebodycounts.com/Last_of_the_Mohicans.htm"
    }, 
    "The Legend of Zorro": {
        "body count": "13", 
        "director": "Martin Campbell", 
        "url": "http://moviebodycounts.com/Legend_of_Zorro.htm"
    }, 
    "The Long Kiss Goodnight": {
        "body count": "68", 
        "director": "Renny Harlin", 
        "url": "http://moviebodycounts.com/Long_Kiss_Goodnight.htm"
    }, 
    "The Lookout": {
        "body count": "7", 
        "director": "Scott Frank", 
        "url": "http://moviebodycounts.com/The_Lookout.htm"
    }, 
    "The Lost City": {
        "body count": "41", 
        "director": "Andy Garc\u00eda", 
        "url": "http://moviebodycounts.com/Lost_City.htm"
    }, 
    "The Machine Girl": {
        "body count": "25", 
        "director": "Noboru Iguchi", 
        "url": "http://moviebodycounts.com/Machine_Girl.htm"
    }, 
    "The Magnificent Seven": {
        "body count": "55", 
        "director": "John Sturges", 
        "url": "http://moviebodycounts.com/Magnificent_Seven.htm"
    }, 
    "The Man with the Golden Gun": {
        "body count": "6", 
        "director": "Guy Hamilton", 
        "url": "http://moviebodycounts.com/Man_with_the_Golden_Gun.htm"
    }, 
    "The Mask of Zorro": {
        "body count": "26", 
        "director": "Martin Campbell", 
        "url": "http://moviebodycounts.com/Mask_of_Zorro.htm"
    }, 
    "The Matrix": {
        "body count": "39", 
        "director": "Andy & Larry Wachowski", 
        "url": "http://moviebodycounts.com/Matrix.htm"
    }, 
    "The Mist": {
        "body count": "46", 
        "director": "Frank Darabont", 
        "url": "http://moviebodycounts.com/Mist_The.htm"
    }, 
    "The Musketeer": {
        "body count": "56", 
        "director": "Peter Hyams", 
        "url": "http://moviebodycounts.com/Musketeer.htm"
    }, 
    "The New World": {
        "body count": "28", 
        "director": "Terrence Malick", 
        "url": "http://moviebodycounts.com/New_World.htm"
    }, 
    "The Number 23": {
        "body count": "10", 
        "director": "Joel Schumacher", 
        "url": "http://moviebodycounts.com/Number_23.htm"
    }, 
    "The Outlaw Josey Wales": {
        "body count": "120", 
        "director": "Clint Eastwood", 
        "url": "http://moviebodycounts.com/Outlaw_Josey_Wales.htm"
    }, 
    "The Prestige": {
        "body count": "7", 
        "director": "Christopher Nolan", 
        "url": "http://moviebodycounts.com/The_Prestige.htm"
    }, 
    "The Replacement Killers": {
        "body count": "38", 
        "director": "Antoine Fuqua", 
        "url": "http://moviebodycounts.com/Replacement_Killers.htm"
    }, 
    "The Rock": {
        "body count": "24", 
        "director": "Michael Bay", 
        "url": "http://moviebodycounts.com/The_Rock.htm"
    }, 
    "The Rundown": {
        "body count": "46", 
        "director": "Peter Berg", 
        "url": "http://moviebodycounts.com/Rundown.htm"
    }, 
    "The Running Man": {
        "body count": "41", 
        "director": "Paul Michael Glaser", 
        "url": "http://moviebodycounts.com/The_Running_Man.htm"
    }, 
    "The Scorpion King": {
        "body count": "105", 
        "director": "Chuck Russell", 
        "url": "http://moviebodycounts.com/Scorpion_King.htm"
    }, 
    "The Shawshank Redemption": {
        "body count": "4", 
        "director": "Frank Darabont", 
        "url": "http://moviebodycounts.com/Shawshank_Redemption.htm"
    }, 
    "The Silence of the Lambs": {
        "body count": "8", 
        "director": "Jonathan Demme", 
        "url": "http://moviebodycounts.com/Silence_of_the_Lambs.htm"
    }, 
    "The Spy Who Loved Me": {
        "body count": "73", 
        "director": "Lewis Gilbert", 
        "url": "http://moviebodycounts.com/The_Spy_Who_Loved_Me.htm"
    }, 
    "The Thing": {
        "body count": "21", 
        "director": "John Carpenter", 
        "url": "http://moviebodycounts.com/The_Thing.htm"
    }, 
    "The Third Man": {
        "body count": "4", 
        "director": "Carol Reed", 
        "url": "http://moviebodycounts.com/Third_Man.htm"
    }, 
    "The Transporter": {
        "body count": "8", 
        "director": "Louis Leterrier", 
        "url": "http://moviebodycounts.com/Transporter.htm"
    }, 
    "The Usual Suspects": {
        "body count": "39", 
        "director": "Bryan Singer", 
        "url": "http://moviebodycounts.com/Usual_Suspects.htm"
    }, 
    "The Way of the Gun": {
        "body count": "18", 
        "director": "Christopher McQuarrie", 
        "url": "http://moviebodycounts.com/Way_of_the_Gun.htm"
    }, 
    "The Wild Bunch": {
        "body count": "145", 
        "director": "Sam Peckinpah", 
        "url": "http://moviebodycounts.com/Wild_Bunch.htm"
    }, 
    "The Yakuza": {
        "body count": "31", 
        "director": "Sydney Pollack", 
        "url": "http://moviebodycounts.com/Yakuza.htm"
    }, 
    "The Yards": {
        "body count": "2", 
        "director": "James Gray", 
        "url": "http://moviebodycounts.com/The_Yards.htm"
    }, 
    "There Will Be Blood": {
        "body count": "4", 
        "director": "Paul Thomas Anderson", 
        "url": "http://moviebodycounts.com/There_Will_Be_Blood.htm"
    }, 
    "Things To Do In Denver When You're Dead": {
        "body count": "15", 
        "director": "Gary Fleder", 
        "url": "http://moviebodycounts.com/Things_to_Do_in_Denver.htm"
    }, 
    "Thunderball": {
        "body count": "47", 
        "director": "Terence Young", 
        "url": "http://moviebodycounts.com/Thunderball.htm"
    }, 
    "Timeline": {
        "body count": "65", 
        "director": "Richard Donner", 
        "url": "http://moviebodycounts.com/Timeline.htm"
    }, 
    "Titanic": {
        "body count": "307", 
        "director": "James Cameron", 
        "url": "http://moviebodycounts.com/Titanic.htm"
    }, 
    "To Die For": {
        "body count": "2", 
        "director": "Gus Van Sant", 
        "url": "http://moviebodycounts.com/To_Die_For.htm"
    }, 
    "Tombstone": {
        "body count": "55", 
        "director": "George P. Cosmatos", 
        "url": "http://moviebodycounts.com/Tombstone.htm"
    }, 
    "Total Recall": {
        "body count": "77", 
        "director": "Paul Verhoeven", 
        "url": "http://moviebodycounts.com/Total_Recall.htm"
    }, 
    "Transformers: The Movie (1986)": {
        "body count": "47", 
        "director": "Nelson Shin", 
        "url": "http://moviebodycounts.com/Transformers_the_Movie.htm"
    }, 
    "Transporter 2": {
        "body count": "11", 
        "director": "Louis Leterrier", 
        "url": "http://moviebodycounts.com/Transporter2.htm"
    }, 
    "Troy": {
        "body count": "572", 
        "director": "Wolfgang Petersen", 
        "url": "http://moviebodycounts.com/Troy.htm"
    }, 
    "True Lies": {
        "body count": "71", 
        "director": "James Cameron", 
        "url": "http://moviebodycounts.com/True_Lies.htm"
    }, 
    "True Romance": {
        "body count": "21", 
        "director": "Tony Scott", 
        "url": "http://moviebodycounts.com/True_Romance.htm"
    }, 
    "Unbreakable": {
        "body count": "4", 
        "director": "M. Night Shyamalan", 
        "url": "http://moviebodycounts.com/Unbreakable.htm"
    }, 
    "Under Siege": {
        "body count": "65", 
        "director": "Andrew Davis", 
        "url": "http://moviebodycounts.com/Under_Siege.htm"
    }, 
    "Under Siege 2": {
        "body count": "47", 
        "director": "Geoff Murphy", 
        "url": "http://moviebodycounts.com/Under_Siege2.htm"
    }, 
    "Underworld": {
        "body count": "58", 
        "director": "Len Wiseman", 
        "url": "http://moviebodycounts.com/Underworld.htm"
    }, 
    "Underworld: Evolution": {
        "body count": "75", 
        "director": "Len Wiseman", 
        "url": "http://moviebodycounts.com/Underworld_Evolution.htm"
    }, 
    "Universal Soldier": {
        "body count": "47", 
        "director": "Roland Emmerich", 
        "url": "http://moviebodycounts.com/Universal_Soldier.htm"
    }, 
    "Waist Deep": {
        "body count": "6", 
        "director": "Vondie Curtis-Hall", 
        "url": "http://moviebodycounts.com/Waist_Deep.htm"
    }, 
    "Walk Hard: The Dewey Cox Story": {
        "body count": "5", 
        "director": "Jake Kasdan", 
        "url": "http://moviebodycounts.com/Walk_Hard.htm"
    }, 
    "Walking Tall (2004)": {
        "body count": "6", 
        "director": "Kevin Bray", 
        "url": "http://moviebodycounts.com/Walking_Tall_%282004%29.htm"
    }, 
    "War": {
        "body count": "97", 
        "director": "Phillip G. Atwell", 
        "url": "http://moviebodycounts.com/War.htm"
    }, 
    "War of the Worlds": {
        "body count": "52", 
        "director": "Steven Spielberg", 
        "url": "http://moviebodycounts.com/War_of_the_Worlds.htm"
    }, 
    "War, Inc.": {
        "body count": "73", 
        "director": "Joshua Seftel", 
        "url": "http://moviebodycounts.com/War_Inc.htm"
    }, 
    "Wasabi": {
        "body count": "22", 
        "director": "G\u00e9rard Krawczyk", 
        "url": "http://moviebodycounts.com/Wasabi.htm"
    }, 
    "We Were Soldiers": {
        "body count": "305", 
        "director": "Randall Wallace", 
        "url": "http://moviebodycounts.com/We_Were_Soldiers.htm"
    }, 
    "Where Eagles Dare": {
        "body count": "100", 
        "director": "Brian G. Hutton", 
        "url": "http://moviebodycounts.com/Where_Eagles_Dare.htm"
    }, 
    "You Kill Me": {
        "body count": "10", 
        "director": "John Dahl", 
        "url": "http://moviebodycounts.com/You_Kill_Me.htm"
    }, 
    "You Only Live Twice": {
        "body count": "91", 
        "director": "Lewis Gilbert", 
        "url": "http://moviebodycounts.com/You_Only_Live_Twice.htm"
    }, 
    "Zodiac": {
        "body count": "3", 
        "director": "David Fincher", 
        "url": "http://moviebodycounts.com/Zodiac.htm"
    }, 
    "Zoolander": {
        "body count": "4", 
        "director": "Ben Stiller", 
        "url": "http://moviebodycounts.com/Zoolander.htm"
    }, 
    "Zulu": {
        "body count": "140", 
        "director": "Cy Endfield", 
        "url": "http://moviebodycounts.com/Zulu.htm"
    }, 
    "eXistenZ": {
        "body count": "11", 
        "director": "David Cronenberg", 
        "url": "http://moviebodycounts.com/eXistenZ.htm"
    }
}